{
  "CO": 0.3939838111400604,
  "PM2.5": 0.2656061351299286,
  "PM10": 0.07983732223510742,
  "NO": 0.06278400123119354,
  "City_enc": 0.02964591048657894,
  "NOx": 0.01812983676791191,
  "Year": 0.017805030569434166,
  "NH3": 0.01700759120285511,
  "Month": 0.01571180671453476,
  "Toluene": 0.014680587686598301,
  "Xylene": 0.014187742955982685,
  "O3": 0.01314813643693924,
  "NO2": 0.011039701290428638,
  "satellite_co": 0.009399965405464172,
  "SO2": 0.008497265167534351,
  "Day": 0.00819034781306982,
  "satellite_aod": 0.007051968481391668,
  "satellite_no2": 0.006694136653095484,
  "Benzene": 0.006598539650440216
}