{
  "model": "LightGBM",
  "MAE": 20.332815385739178,
  "RMSE": 39.72338233244925,
  "R2": 0.9138252809600531,
  "MAPE": 13.246598772686394,
  "n_train": 19880,
  "n_test": 4970,
  "used_satellite_features": true
}